Code;Libell‚s;Actions
1001;EAN : Ce champ est obligatoire et vous n'avez rien indiqu‚ dedans, veuillez renseigner une donn‚e.;"Veuillez compl‚ter la colonne ""EAN"" et soumettre de nouveau votre fichier de demande de cr‚ation produit "
1003;R‚f‚rence produit vendeur : Ce champ est obligatoire et vous n'avez rien indiqu‚ dedans, veuillez renseigner une donn‚e.;"Veuillez compl‚ter la colonne ""R‚f‚rence"" et soumettre de nouveau votre fichier de demande de cr‚ation produit "
1005;Code cat‚gorie : Ce champ est obligatoire et vous n'avez rien indiqu‚ dedans, veuillez renseigner une donn‚e.;"Veuillez compl‚ter la colonne ""Code Categorie"" et soumettre de nouveau votre fichier de demande de cr‚ation produit. L'arbre des cat‚gories est disponible sur votre espace vendeur : Produits/Vendre des produits en masse/Documentation utile"
1006;Marque :Ce champ est obligatoire et vous n'avez rien indiqu‚ dedans, veuillez renseigner une donn‚e.;"Veuillez compl‚ter la colonne ""Marque"" et soumettre de nouveau votre fichier de demande de cr‚ation produit. Si votre produit n'a pas de marque, merci d'indiquer AUCUNE.
Si vous souhaitez cr‚er votre marque dans notre base, veuillez ouvrir une requˆte de Type : ""Cr‚er ou modifier vos fiches produits"" et Sous-type : ""Aide sur la cr‚ation de vos produits"" en nous faisant parvenir la Preuve d'enregistrement auprŠs de l'INPI, OMPI ou EUIPO + le logo au format GIF et taille : 80x40."
1007;Nature du produit : Ce champ est obligatoire et vous n'avez rien indiqu‚ dedans, veuillez renseigner une donn‚e.;"Veuillez compl‚ter la colonne ""Nature du produit"" et soumettre de nouveau votre fichier de demande de cr‚ation produit. "
1008;Libell‚ court du produit : Ce champ est obligatoire et vous n'avez rien indiqu‚ dedans, veuillez renseigner une donn‚e.;"Veuillez compl‚ter la colonne ""Libell‚ court"" et soumettre de nouveau votre fichier de demande de cr‚ation produit "
1009;Libell‚ long du produit: Ce champ est obligatoire et vous n'avez rien indiqu‚ dedans, veuillez renseigner une donn‚e.;"Veuillez compl‚ter la colonne ""Libell‚ long"" et soumettre de nouveau votre fichier de demande de cr‚ation produit "
1010;Description du produit : Ce champ est obligatoire et vous n'avez rien indiqu‚ dedans, veuillez renseigner une donn‚e.;"Veuillez compl‚ter la colonne ""Description produit"" et soumettre de nouveau votre fichier de demande de cr‚ation produit "
1012;Image produit 1 : Ce champ est obligatoire et vous n'avez rien indiqu‚ dedans, veuillez renseigner une donn‚e.;"Veuillez compl‚ter la colonne ""Image 1"" et soumettre de nouveau votre fichier de demande de cr‚ation produit "
1022;Propri‚t‚ sp‚cifique: Ce champ est obligatoire et vous n'avez rien indiqu‚ dedans, veuillez renseigner une donn‚e.;"Veuillez effectuer une modification pour le produit concern‚ (ajout d'un ""0"" dans la colonne Poids par exemple) et le soumettre de nouveau en cr‚ation.
Si le problŠme persiste, veuillez ouvrir une requˆte de Type : ""Cr‚er ou modifier vos fiches produits"" et Sous-type : ""Aide sur la cr‚ation de vos produits"" en nous faisant parvenir obligatoirement le fichier de cr‚ation et le rapport svp."
1028;Taille du produit variant : Ce champ est obligatoire et vous n'avez rien indiqu‚ dedans, veuillez renseigner une donn‚e.;"Veuillez compl‚ter la colonne ""Taille"" et soumettre de nouveau votre fichier de demande de cr‚ation produit. La taille est obligatoire pour un produit variant. La liste des tailles autoris‚es est disponible sur votre espace vendeur : Produits/Vendre des produits en masse/Documentation utile. "
1029;Sku famille : Ce champ est obligatoire et vous n'avez rien indiqu‚ dedans, veuillez renseigner une donn‚e.;"Veuillez compl‚ter la colonne ""Sku famille"" et soumettre de nouveau votre fichier de demande de cr‚ation produit. Le Sku famille est obligatoire pour un produit variant. Il permet de regrouper toutes les tailles sur un mˆme modŠle."
1030;Couleur marketing du produit : Ce champ est obligatoire et vous n'avez rien indiqu‚ dedans, veuillez renseigner une donn‚e.;"Veuillez compl‚ter la colonne ""Couleur marketing"" et soumettre de nouveau votre fichier de demande de cr‚ation produit. La couleur marketing est obligatoire pour un produit variant"
1101;"EAN : La valeur renseign‚e dans ce champ ne respecte pas le format ou la taille attendu(e). Veuillez-vous r‚f‚rer … la rubrique Aide de votre espace vendeur pour avoir toutes les indications sur ""Comment cr‚er des produits ?""";L'EAN doit ˆtre compos‚ de 13 chiffres.
1102;"ISBN: La valeur renseign‚e dans ce champ ne respecte pas le format ou la taille attendu(e). Veuillez-vous r‚f‚rer … la rubrique Aide de votre espace vendeur pour avoir toutes les indications sur ""Comment cr‚er des produits ?""";L'ISBN doit ˆtre compos‚ de 13 chiffres.
1103;La taille n'a pas ‚t‚ trouv‚e dans la matrice de tailles : taille='{0}', matrice='{1}';"Explication : La taille n'a pas ‚t‚ trouv‚e dans notre systŠme.
Solution : Veuillez consulter notre liste de tailles (Espace vendeur > Produits > Vendre des produits en masse > Documentation utile) et indiquer une taille conforme et existante."
1107;"Nature du produit : La valeur renseign‚e dans ce champ ne respecte pas le format ou la taille attendu(e). Veuillez-vous r‚f‚rer … la rubrique Aide de votre espace vendeur pour avoir toutes les indications sur ""Comment cr‚er des produits ?""";"Veuillez s‚lectionner ""Variant"" ou ""Standard"" en fonction de la typologie de votre produit.
Vous pouvez retrouver la liste des produits variant ou standard dans l'arbre des cat‚gories (Espace vendeur > Produits > Vendre des produits en masse > Documentation utile)"
1108;"Libell‚ court du produit:La valeur renseign‚e dans ce champ ne respecte pas le format ou la taille attendu(e).Veuillez-vous r‚f‚rer … la rubrique Aide de votre espace vendeur pour avoir toutes les indications sur ""Comment cr‚er des produits ?""";Le libell‚ court ne doit pas exc‚der 30 caractŠres (il ne doit pas contenir de lien URL, balises HTML, donn‚es informations commerciales : garantie, prix etc).
1109;"Libell‚ long du produit: La valeur renseign‚e dans ce champ ne respecte pas le format ou la taille attendu(e). ).  Veuillez-vous r‚f‚rer … la rubrique Aide de votre espace vendeur pour avoir toutes les indications sur ""Comment cr‚er des produits ?""";Le libell‚ long ne doit pas exc‚der 132 caractŠres (il ne doit pas contenir de lien URL, balises HTML, donn‚es informations commerciales : garantie, prix etc).
1112;"Image produit 1 :La valeur renseign‚e dans ce champ ne respecte pas le format ou la taille attendu(e). Veuillez-vous r‚f‚rer … la rubrique Aide de votre espace vendeur pour avoir toutes les indications sur ""Comment cr‚er des produits ?""";"L'image doit ˆtre au format jpg, jpeg, png, ou gif.
Taille minimum : 50x500 pixels.
Taille maximum : 3000 x 3000 pixels.
Poids : ne pas exc‚der 5 Mo."
1113;"Image produit 2 : La valeur renseign‚e dans ce champ ne respecte pas le format ou la taille attendu(e).  Veuillez-vous r‚f‚rer … la rubrique Aide de votre espace vendeur pour avoir toutes les indications sur ""Comment cr‚er des produits ?""";"L'image doit ˆtre au format jpg, jpeg, png, ou gif.
Taille minimum : 50x500 pixels.
Taille maximum : 3000 x 3000 pixels.
Poids : ne pas exc‚der 5 Mo."
1114;"Image produit 3 : La valeur renseign‚e dans ce champ ne respecte pas le format ou la taille attendu(e). Veuillez-vous r‚f‚rer … la rubrique Aide de votre espace vendeur pour avoir toutes les indications sur ""Comment cr‚er des produits ?""";"L'image doit ˆtre au format jpg, jpeg, png, ou gif.
Taille minimum : 50x500 pixels.
Taille maximum : 3000 x 3000 pixels.
Poids : ne pas exc‚der 5 Mo."
1115;"Image produit 4 : La valeur renseign‚e dans ce champ ne respecte pas le format ou la taille attendu(e).   Veuillez-vous r‚f‚rer … la rubrique Aide de votre espace vendeur pour avoir toutes les indications sur ""Comment cr‚er des produits ?""";"L'image doit ˆtre au format jpg, jpeg, png, ou gif.
Taille minimum : 50x500 pixels.
Taille maximum : 3000 x 3000 pixels.
Poids : ne pas exc‚der 5 Mo."
1117;"Longueur : La valeur renseign‚e dans ce champ ne respecte pas le format ou la taille attendu(e).   Veuillez-vous r‚f‚rer … la rubrique Aide de votre espace vendeur pour avoir toutes les indications sur ""Comment cr‚er des produits ?""";"Les dimensions doivent ˆtre en cm et comporter au maximum 4 caractŠres avant la virgule et 3 aprŠs.
Pour information : cette donn‚e n'est pas prise en compte sur la fiche produit lors de la cr‚ation."
1118;"Largeur: La valeur renseign‚e dans ce champ ne respecte pas le format ou la taille attendu(e).   Veuillez-vous r‚f‚rer … la rubrique Aide de votre espace vendeur pour avoir toutes les indications sur ""Comment cr‚er des produits ?""";"Les dimensions doivent ˆtre en cm et comporter au maximum 4 caractŠres avant la virgule et 3 aprŠs.
Pour information : cette donn‚e n'est pas prise en compte sur la fiche produit lors de la cr‚ation."
1119;"Hauteur:La valeur renseign‚e dans ce champ ne respecte pas le format ou la taille attendu(e).  Veuillez-vous r‚f‚rer … la rubrique Aide de votre espace vendeur pour avoir toutes les indications sur ""Comment cr‚er des produits ?""";"Les dimensions doivent ˆtre en cm et comporter au maximum 4 caractŠres avant la virgule et 3 aprŠs.
Pour information : cette donn‚e n'est pas prise en compte sur la fiche produit lors de la cr‚ation."
1120;"Poids: La valeur renseign‚e dans ce champ ne respecte pas le format ou la taille attendu(e).  Veuillez-vous r‚f‚rer … la rubrique Aide de votre espace vendeur pour avoir toutes les indications sur ""Comment cr‚er des produits ?""";"Le poids doit ˆtre en kg et comporter au maximum 4 caractŠres avant la virgule et 3 aprŠs.
Pour information : cette donn‚e n'est pas prise en compte sur la fiche produit lors de la cr‚ation."
1121;"Nom du modŠle: La valeur renseign‚e dans ce champ ne respecte pas le format ou la taille attendu(e).  Veuillez-vous r‚f‚rer … la rubrique Aide de votre espace vendeur pour avoir toutes les indications sur ""Comment cr‚er des produits ?""";"Veuillez vous r‚f‚rer au menu d'aide du centre de support pour avoir toutes les indications sur ""Comment cr‚er des produits ?"" ou ouvrir une requˆte de Type : ""Cr‚er ou modifier vos fiches produits"" et Sous-type : ""Aide sur la cr‚ation de vos produits"" en nous faisant parvenir votre fichier de cr‚ation."
1122;"Propri‚t‚ sp‚cifique: La valeur renseign‚e dans ce champ ne respecte pas le format ou la taille attendu(e).  Veuillez-vous r‚f‚rer … la rubrique Aide de votre espace vendeur pour avoir toutes les indications sur ""Comment cr‚er des produits ?""";"Veuillez effectuer une modification pour le produit concern‚ (ajout d'un ""0"" dans la colonne Poids par exemple) et le soumettre de nouveau en cr‚ation.
Si le problŠme persiste, veuillez ouvrir une requˆte de Type : Cr‚er ou modifier vos fiches produits et Sous-type : Aide sur la cr‚ation de vos produits en nous faisant parvenir obligatoirement le fichier de cr‚ation et le rapport svp."
1124;"Produit: La valeur renseign‚e dans ce champ ne respecte pas le format ou la taille attendu(e).  Veuillez-vous r‚f‚rer … la rubrique Aide de votre espace vendeur pour avoir toutes les indications sur ""Comment cr‚er des produits ?""";"Veuillez effectuer une modification pour le produit concern‚ (ajout d'un ""0"" dans la colonne Poids par exemple) et le soumettre de nouveau en cr‚ation.
Si le problŠme persiste, veuillez ouvrir une requˆte de Type : Cr‚er ou modifier vos fiches produits et Sous-type : Aide sur la cr‚ation de vos produits en nous faisant parvenir obligatoirement le fichier de cr‚ation et le rapport svp."
1126;"Description marketing du produit :La valeur renseign‚e dans ce champ ne respecte pas le format ou la taille attendu(e).  Veuillez-vous r‚f‚rer … la rubrique Aide de votre espace vendeur pour avoir toutes les indications sur ""Comment cr‚er des produits ?""";"La description marketing ne doit pas exc‚der 5000 caractŠres.
Les liens URL doivent ˆtre sur un serveur s‚curis‚ https://
Les donn‚es informations commerciales (garantie, prix etc) sont interdites.
Balises HTML interdites : <href> <font> <table> <tr> <td> <th> <h1>ÿ<h2>ÿ<h3>ÿ<h4>ÿ<h5>ÿ<h6>ÿ<body>
Balises HTML autoris‚es :  <bold> <strong> <br>"
1201;EAN: Taille de la donn‚e incorrecte, v‚rifiez la taille attendue (voir la notice dans la section documentation utile);L'EAN doit ˆtre compos‚ de 13 chiffres.
1202;ISBN:Taille de la donn‚e incorrecte, v‚rifiez la taille attendue (voir la notice dans la section documentation utile);L'ISBN doit ˆtre compos‚ de 13 chiffres.
1203;R‚f‚rence produit vendeur:Taille de la donn‚e incorrecte, v‚rifiez la taille attendue (voir la notice dans la section documentation utile);"La r‚f‚rence vendeur ne doit pas exc‚der 50 caractŠres.
Les accents, la barre verticale pipe ® | ¯, l'‚toile ""*"" et les symboles masqu‚s ne sont pas autoris‚s."
1205;Code cat‚gorie: Taille de la donn‚e incorrecte, v‚rifiez la taille attendue (voir la notice dans la section documentation utile);"Le code cat‚gorie n'est pas conforme. Veuillez consulter l'arbre des cat‚gories disponible sur votre espace vendeur : Produits/Vendre des produits en masse/Documentation utile.
Attention : Le code cat‚gorie qui d‚bute par 0 doit ˆtre copi‚ int‚gralement (le ""0"" doit ˆtre conserv‚)."
1206;Marque:Taille de la donn‚e incorrecte, v‚rifiez la taille attendue (voir la notice dans la section documentation utile);La marque ne doit pas exc‚der 70 caractŠres. Vous pouvez retrouver la liste des marques dans votre Espace vendeur > Produits > Vendre des produits en masse > Documentation utile.
1208;Libell‚ court du produit : Taille de la donn‚e incorrecte, v‚rifiez la taille attendue (voir la notice dans la section documentation utile);Le libell‚ court ne doit pas exc‚der 30 caractŠres (il ne doit pas contenir de lien URL, balises HTML, donn‚es informations commerciales : garantie, prix etc).
1209;Libell‚ long du produit:Taille de la donn‚e incorrecte, v‚rifiez la taille attendue (voir la notice dans la section documentation utile);Le libell‚ long ne doit pas exc‚der 132 caractŠres (il ne doit pas contenir de lien URL, balises HTML, donn‚es informations commerciales : garantie, prix etc).
1210;Description du produit: Taille de la donn‚e incorrecte, v‚rifiez la taille attendue (voir la notice dans la section documentation utile);La description produit ne doit pas exc‚der 420 caractŠres (elle ne doit pas contenir de lien URL, balises HTML, donn‚es informations commerciales : garantie, prix etc).
1211;R‚f‚rence constructeur:Taille de la donn‚e incorrecte, v‚rifiez la taille attendue (voir la notice dans la section documentation utile);"Veuillez effectuer une modification pour le produit concern‚ (ajout d'un ""0"" dans la colonne Poids par exemple) et le soumettre de nouveau en cr‚ation.
Si le problŠme persiste, veuillez ouvrir une requˆte de Type : Cr‚er ou modifier vos fiches produits et Sous-type : Aide sur la cr‚ation de vos produits en nous faisant parvenir obligatoirement le fichier de cr‚ation et le rapport svp."
1212;Image produit 1 : Taille de la donn‚e incorrecte, v‚rifiez la taille attendue (voir la notice dans la section documentation utile);L'image doit faire 50x500 pixels minimum et 3000x3000 pixels maximum.
1213;Image produit 2 : Taille de la donn‚e incorrecte, v‚rifiez la taille attendue (voir la notice dans la section documentation utile);L'image doit faire 50x500 pixels minimum et 3000x3000 pixels maximum.
1214;Image produit 3 : Taille de la donn‚e incorrecte, v‚rifiez la taille attendue (voir la notice dans la section documentation utile);L'image doit faire 50x500 pixels minimum et 3000x3000 pixels maximum.
1215;Image produit 4 : Taille de la donn‚e incorrecte, v‚rifiez la taille attendue (voir la notice dans la section documentation utile);L'image doit faire 50x500 pixels minimum et 3000x3000 pixels maximum.
1217;Longueur: Taille de la donn‚e incorrecte, v‚rifiez la taille attendue (voir la notice dans la section documentation utile);"Elle doit comporter au maximum 4 chiffres avant la virgule et 3 aprŠs.
Pour information : cette donn‚e n'est pas prise en compte sur la fiche produit lors de la cr‚ation."
1218;Largeur:  Format de la donn‚e incorrect, v‚rifiez le format attendu (voir l'onglet d‚finition des attributs dans le fichier modŠle);"Elle doit comporter au maximum 4 chiffres avant la virgule et 3 aprŠs.
Pour information : cette donn‚e n'est pas prise en compte sur la fiche produit lors de la cr‚ation."
1219;Hauteur:Taille de la donn‚e incorrecte, v‚rifiez la taille attendue (voir la notice dans la section documentation utile);"Elle doit comporter au maximum 4 chiffres avant la virgule et 3 aprŠs.
Pour information : cette donn‚e n'est pas prise en compte sur la fiche produit lors de la cr‚ation."
1220;Poids :Taille de la donn‚e incorrecte, v‚rifiez la taille attendue (voir la notice dans la section documentation utile);"Il doit comporter au maximum 4 chiffres avant la virgule et 3 aprŠs.
Pour information : cette donn‚e n'est pas prise en compte sur la fiche produit lors de la cr‚ation."
1226;Description marketing du produit : Taille de la donn‚e incorrecte, v‚rifiez la taille attendue (voir la notice dans la section documentation utile);"La description marketing ne doit pas exc‚der 5000 caractŠres.
Les liens URL doivent ˆtre sur un serveur s‚curis‚ https://
Les donn‚es informations commerciales (garantie, prix etc) sont interdites.
Balises HTML interdites : <href> <font> <table> <tr> <td> <th> <h1>ÿ<h2>ÿ<h3>ÿ<h4>ÿ<h5>ÿ<h6>ÿ<body>
Balises HTML autoris‚es :  <bold> <strong> <br>"
1228;Taille du produit variant: Taille de la donn‚e incorrecte, v‚rifiez la taille attendue (voir la notice dans la section documentation utile);Veuillez consulter la liste des tailles autoris‚es disponible sur votre espace vendeur : Produits/Vendre des produits en masse/Documentation utile.
1229;Sku famille: Taille de la donn‚e incorrecte, v‚rifiez la taille attendue (voir la notice dans la section documentation utile);Le SKU Famille ne doit pas exc‚der 100 caractŠres.
1230;Couleur marketing du produit :Taille de la donn‚e incorrecte, v‚rifiez la taille attendue (voir la notice dans la section documentation utile);La couleur marketing ne doit pas exc‚der 50 caractŠres.
1305;Code cat‚gorie : Inexistant;"Veuillez compl‚ter le champ ""Code cat‚gorie"" ou indiquer un code cat‚gorie valide (l'arbre des cat‚gories est disponible sur votre espace vendeur : Produits/Vendre des produits en masse/Documentation utile)."
1322;Propri‚t‚ sp‚cifique: Inexistant;"Veuillez effectuer une modification pour le produit concern‚ (ajout d'un ""0"" dans la colonne Poids par exemple) et le soumettre de nouveau en cr‚ation.
Si le problŠme persiste, veuillez ouvrir une requˆte de Type : Cr‚er ou modifier vos fiches produits et Sous-type : Aide sur la cr‚ation de vos produits en nous faisant parvenir obligatoirement le fichier de cr‚ation et le rapport svp."
1400;Une erreur technique nous empˆche de cr‚er le produit.;"Explication : Ce message signifie qu?il y a eu un dysfonctionnement technique lors de la cr‚ation (raison inconnue).

Solution : 
a) Si un SKU Cdiscount est pr‚sent dans la colonne D ®ÿSKU Trouv‚ÿ¯, veuillez ouvrir une requˆte de Type : ""Cr‚er ou modifier vos fiches produits"" et Sous-type : ""Aide sur la cr‚ation de vos produits"" en nous faisant parvenir obligatoirement votre fichier de cr‚ation ainsi que le rapport.

b) Si aucun SKU Cdiscount n?est pr‚sent dans la colonne D ®ÿSKU Trouv‚ÿ¯ alors vous devez soumettre une nouvelle demande de cr‚ation en effectuant une modification sur les produits concern‚s (ajouter un ®ÿ0ÿ¯ dans la colonne Poids par exemple)."
1505;Code cat‚gorie : Votre produit n'est pas autoris‚ car il n'est pas conforme aux critŠres de r‚f‚rencement de notre Marketplace (rŠgles d'‚thique, exigences de s‚curit‚, absence de contrefa‡ons,...);"Explication : Ce message peut venir de 3 points :

1) La cat‚gorie est ferm‚e pour votre compte
Exemple : La cat‚gorie est ferm‚e pour diff‚rentes raisons (Contrefa‡on etc).
Le message est donc conforme et justifi‚.

2 ) Notre systŠme de cr‚ation a mal cat‚goris‚ le produit et la cat‚gorie choisie est ferm‚e
Exemple : Vous avez indiqu‚ le code cat‚gorie 0K070101  ®ÿCOQUE POUR TABLETTE TACTILE - HOUSSE POUR TABLETTE TACTILEÿ¯ mais notre systŠme de cr‚ation a cat‚goris‚ le produit en COQUE TELEPHONE - BUMPER TELEPHONE, code 07050F01 mais il se trouve que cette cat‚gorie est ferm‚e pour votre compte.
Il s?agit donc d?une erreur de notre systŠme de cr‚ation.

3) Vous avez utilis‚ des termes inappropri‚s/interdits : Termes racistes, Cannabis, Marijuana, Arme etc
Exemple : Dans le libell‚ long vous avez indiqu‚ ®ÿT-shirt avec feuille de cannabisÿ¯.
Exemple : Dans le libell‚ long vous avez indiqu‚ ®ÿPistolet - ÿ9mm ? Arme … feu¯.
Le message est donc conforme et justifi‚.

Solution si vous ˆtes dans le cas num‚ro 2 :
Vous devez ouvrir une requˆte de Type : ""Cr‚er ou modifier vos fiches produits"" et Sous-type : ""Aide sur la cr‚ation de vos produits"" en nous faisant parvenir obligatoirement votre fichier de cr‚ation ainsi que le rapport.

Nous effectuerons une analyse :
Si votre fichier est non conforme, nous vous fournirons une explication avec des exemples.
Si votre fichier est conforme, nous vous invitons … effectuer une modification sur vos produits (ajouter un ®ÿ0ÿ¯ dans la colonne Poids par exemple) et de les resoumettre en cr‚ation.

En amont, nous envoyons un mail … notre ‚quipe technique afin qu?elle puisse effectuer une analyse pour savoir s?il s?agit d?un dysfonctionnement, d?une erreur de notre systŠme de cr‚ation ou autre."
1601;EAN : Cl‚ invalide, v‚rifiez l'EAN;Veuillez v‚rifier que l'EAN soit conforme. Il doit ˆtre compos‚ de 13 chiffres (https://fr.wikipedia.org/wiki/EAN_13)
1602;ISBN: Cl‚ invalide, v‚rifier l'EAN;Veuillez v‚rifier que l'ISBN soit conforme. Il doit ˆtre compos‚ de 13 chiffres (http://lesignet.canalblog.com/archives/2008/09/23/10670289.html)
1724;Produit: GNX n'a pas g‚n‚r‚ d'EAN;"Une erreur technique s'est produite, merci de resoumettre votre produit en y apportant une modification (ajouter un ""0"" dans la colonne Poids par exemple)."
1901;EAN:Non int‚gr‚e, erreur dans le traitement;"Une erreur technique s'est produite, merci de resoumettre votre produit en y apportant une modification (ajouter un ""0"" dans la colonne Poids par exemple)."
2100;Une erreur technique nous empˆche de cr‚er le produit. Vous pouvez resoumettre votre demande.;"Explication : Ce message signifie qu?il y a eu un dysfonctionnement technique lors de la cr‚ation (raison inconnue).

Solution : 
a) Si un SKU Cdiscount est pr‚sent dans la colonne D ®ÿSKU Trouv‚ÿ¯, veuillez ouvrir une requˆte de Type : ""Cr‚er ou modifier vos fiches produits"" et Sous-type : ""Aide sur la cr‚ation de vos produits"" en nous faisant parvenir obligatoirement votre fichier de cr‚ation ainsi que le rapport.

b) Si aucun SKU Cdiscount n?est pr‚sent dans la colonne D ®ÿSKU Trouv‚ÿ¯ alors vous devez soumettre une nouvelle demande de cr‚ation en effectuant une modification sur les produits concern‚s (ajouter un ®ÿ0ÿ¯ dans la colonne Poids par exemple)."
2325;Rayon : Pas de rayon affect‚ … la cat‚gorie produit '1000002686' [SECURITE - PROTECTION CHANTIER], veuillez contacter le support vendeur.;"Ce message signifie qu'il n'y a pas de rayon / navigation associ‚ … la cat‚gorie de votre produit.
Veuillez ouvrir une requˆte de Type : ""Cr‚er ou modifier vos fiches produits"" et Sous-type : ""Aide sur la cr‚ation de vos produits"" en nous faisant parvenir obligatoirement votre fichier de cr‚ation ainsi que le rapport svp."
2401;EAN : Un produit de type Standard existe d‚j… avec le mˆme EAN, il est donc impossible d?utiliser cet EAN pour votre produit de type Variant. 2 solutions : soit vous positionnez une information commerciale sur cet EAN car il s?agit du produit que vous souhaitez vendre, soit vous utilisez un autre EAN.;"Votre EAN existe d‚j… dans notre base mais sur un produit Standard (sans d‚clinaisons de tailles). Vous pouvez dŠs … pr‚sent publier votre information commerciale.
Cependant, si l'EAN correspond bien … un produit de type variant, veuillez ouvrir une requˆte de Type : ""Cr‚er ou modifier vos fiches produits"" et Sous-type : ""Aide sur la cr‚ation de vos produits"" en nous faisant parvenir obligatoirement votre fichier de cr‚ation ainsi que le rapport svp, nous effectuerons une analyse."
2432;EAN:Inactif - veuillez contacter le support vendeur. ;"Veuillez ouvrir une requˆte de Type : ""Cr‚er ou modifier vos fiches produits"" et Sous-type : ""Aide sur la cr‚ation de vos produits"" en nous faisant parvenir obligatoirement votre fichier de cr‚ation ainsi que le rapport svp."
2442;EAN : Produit d‚j… existant : vous pouvez ajouter une information commerciale sur ce produit (voir Gestion de vos informations commerciales dans l?espace vendeur);Le produit existe d‚j… dans notre base. Vous pouvez dŠs … pr‚sent publier votre information commerciale.
2501;EAN : Vous avez choisi un EAN d‚j… utilis‚ sur un produit d?une autre couleur. 2 solutions : soit vous positionnez une information commerciale car il s?agit du produit que vous voulez vendre (mˆme taille, mˆme couleur), soit vous utilisez un autre EAN pour ce produit variant et cette couleur. ;"Explication : Vous souhaitez ins‚rer dans votre boutique (r‚f‚rentiel) les tailles 42 et 43 d?un produit (dont l?EAN est d‚j… existant dans notre base) et pour lequel vous avez d‚j… les tailles 44 « et 45 « cr‚‚es (SKU Cdiscount cr‚‚ pour les tailles 44 « et 45 « : MP01184230).

Pour les tailles 44 « et 45 « de ce produit, vous avez indiqu‚ un SKU Famille ®ÿ306ÿ¯, vous indiquez donc le SKU Famille ®ÿ306ÿ¯ pour les tailles 42 et 43 afin de les rattacher aux autres tailles du SKU Cdiscount : MP01184230.
MAIS les EAN des tailles 42 et 43 que vous souhaitez ajouter dans votre boutique sont rattach‚s au SKU Cdiscount MP00992899 et non MP01184230.

Solution : 
Vous devez donc modifier votre SKU Famille afin que les tailles 42 et 43 puissent s?ins‚rer dans votre boutique (r‚f‚rentiel)."
2624;Produit : EAN existant dans votre fichier sur plusieurs produits : '3760226840084'. Un produit = Une r‚f‚rence vendeur = Un EAN;Vous devez indiquer un EAN diff‚rent pour chaque produit. Un produit = Une r‚f‚rence vendeur = Un EAN
2724;Produit : R‚f‚rence produit existante  dans votre fichier sur plusieurs produits : '11308'. Un produit = Une r‚f‚rence vendeur = Un EAN;Vous devez indiquer une r‚f‚rence diff‚rente pour chaque produit. Un produit = Une r‚f‚rence vendeur = Un EAN
2824;Produit : Combinaison : SKU Famille/Couleur marketing/Taille existante sur plusieurs produits dans votre fichier. Chaque produit d'une mˆme famille doit avoir une taille et/ou une couleur diff‚rente;"Explication : Ce message signifie que vous avez renseign‚ plusieurs fois la mˆme combinaison ®ÿSKU Famille + Couleur marketing + Tailleÿ¯ sur diff‚rents produits.

Solution : Vous devez donc modifier une des 3 donn‚es (SKU Famille ou Taille ou Couleur marketing)."
2928;"1) Taille du produit variant : L'ajout de la taille {x} est impossible pour ce produit {x}. Vous devez cr‚er votre produit en utilisant un nouveau Sku famille.

2) Taille du produit variant : L'ajout de la taille {x} est impossible pour ce produit . Vous devez cr‚er votre produit en utilisant un nouveau Sku famille.";"Explication : Vous souhaitez ajouter la taille 36 sur un produit d‚j… cr‚‚ avec les tailles 40, 41, 42, 43, 44 et 45.

Vous utilisez pour cela le fichier de cr‚ation qui correspond au modŠle unique ®ÿSOUMISSION CREATION PRODUITS_MKÿ¯ mais les premiŠres tailles (40, 41, 42, 43, 44 et 45) ont ‚t‚ cr‚‚es avec un modŠle diff‚rent (ancien modŠle : New - Chaussures et accessoires). De ce fait, il n?est pas possible d?ajouter la taille 36 au produit existant.

Solution : 
Vous devez modifier votre SKU Famille."
3001;EAN : Un EAN existe d‚j… pour la combinaison ®ÿSku famille {x} - Taille {x} - Couleur {x} ¯. 2 solutions : soit vous resoumettez votre demande en modifiant la combinaison, soit vous positionnez une information commerciale sur cet EAN {x} car il s?agit du produit que vous souhaitez vendre.;"Explication : Vous avez indiqu‚ la combinaison ®ÿSKU Famille + Taille + Couleur marketingÿ¯ sur un EAN mais cette taille est associ‚e … un EAN diff‚rent dans notre base.

Solution : Vous devez modifier l?EAN du produit et mettre celui correspondant … la taille."
3128;Taille du produit variant : La taille n'a pas ‚t‚ trouv‚e dans la matrice de tailles : taille='{x}', matrice='{x}';"Explication : La taille n'a pas ‚t‚ trouv‚e dans notre systŠme.
Solution : Veuillez consulter notre liste de tailles (Espace vendeur > Produits > Vendre des produits en masse > Documentation utile) et indiquer une taille conforme et existante."
3300;Produit cr‚‚. Vous pouvez ajouter une information commerciale sur ce produit.;Votre produit a bien ‚t‚ cr‚‚ dans notre base. Vous pouvez dŠs … pr‚sent publier votre information commerciale.
3424;Produit existant mais non ouvert … la Marketplace, veuillez contacter le support vendeur.;"Veuillez ouvrir une requˆte de Type : ""Cr‚er ou modifier vos fiches produits"" et Sous-type : ""Aide sur la cr‚ation de vos produits"" en nous faisant parvenir obligatoirement votre fichier de cr‚ation ainsi que le rapport svp."
3500;Produit mis … jour : vous pouvez ajouter une information commerciale sur ce produit (voir Gestion de vos informations commerciales dans l?espace vendeur);Votre produit a bien ‚t‚ cr‚‚ dans notre base. Vous pouvez dŠs … pr‚sent publier votre information commerciale.
3600;Produit '{0}' ajout‚ au produit '{1}';Produit cr‚‚. Vous pouvez dŠs … pr‚sent publier votre information commerciale.
3712;Image produit 1 : Nous ne pouvons pas r‚cup‚rer l?image car l'accŠs … votre serveur d'image a ‚t‚ refus‚. Veuillez v‚rifier la disponibilit‚ de l?image sur votre serveur.;"Explication : Ce message signifie que notre systŠme de cr‚ation n?a pas pu r‚cup‚rer vos images pour 2 raisons :
1) Votre serveur n?‚tait pas disponible au moment de la r‚cup‚ration
2) Vous n'avez pas ®ÿWhitelist‚ÿ¯ les adresses IP afin de nous autoriser … r‚cup‚rer les images sur votre serveur.

Solution :
1) Vous devez soumettre une nouvelle demande de cr‚ation en y apportant une modification sur chaque produit (ajouter un ®ÿ0ÿ¯ dans la colonne Poids par exemple) et v‚rifier que votre serveur soit bien disponible
2) Vous devez ®ÿwhitelist‚ÿ¯ les adresses IP suivantes : 62.122.8.8 et 62.122.15.8"
3713;Image produit 2 : Nous ne pouvons pas r‚cup‚rer l?image car l'accŠs … votre serveur d'image a ‚t‚ refus‚. Veuillez v‚rifier la disponibilit‚ de l?image sur votre serveur.;"Explication : Ce message signifie que notre systŠme de cr‚ation n?a pas pu r‚cup‚rer vos images pour 2 raisons :
1) Votre serveur n?‚tait pas disponible au moment de la r‚cup‚ration
2) Vous n'avez pas ®ÿWhitelist‚ÿ¯ les adresses IP afin de nous autoriser … r‚cup‚rer les images sur votre serveur.

Solution :
1) Vous devez soumettre une nouvelle demande de cr‚ation en y apportant une modification sur chaque produit (ajouter un ®ÿ0ÿ¯ dans la colonne Poids par exemple) et v‚rifier que votre serveur soit bien disponible
2) Vous devez ®ÿwhitelist‚ÿ¯ les adresses IP suivantes : 62.122.8.8 et 62.122.15.8"
3714;Image produit 3 : Nous ne pouvons pas r‚cup‚rer l?image car l'accŠs … votre serveur d'image a ‚t‚ refus‚. Veuillez v‚rifier la disponibilit‚ de l?image sur votre serveur.;"Explication : Ce message signifie que notre systŠme de cr‚ation n?a pas pu r‚cup‚rer vos images pour 2 raisons :
1) Votre serveur n?‚tait pas disponible au moment de la r‚cup‚ration
2) Vous n'avez pas ®ÿWhitelist‚ÿ¯ les adresses IP afin de nous autoriser … r‚cup‚rer les images sur votre serveur.

Solution :
1) Vous devez soumettre une nouvelle demande de cr‚ation en y apportant une modification sur chaque produit (ajouter un ®ÿ0ÿ¯ dans la colonne Poids par exemple) et v‚rifier que votre serveur soit bien disponible
2) Vous devez ®ÿwhitelist‚ÿ¯ les adresses IP suivantes : 62.122.8.8 et 62.122.15.8"
3715;Image produit 4 : Nous ne pouvons pas r‚cup‚rer l?image car l'accŠs … votre serveur d'image a ‚t‚ refus‚. Veuillez v‚rifier la disponibilit‚ de l?image sur votre serveur.;"Explication : Ce message signifie que notre systŠme de cr‚ation n?a pas pu r‚cup‚rer vos images pour 2 raisons :
1) Votre serveur n?‚tait pas disponible au moment de la r‚cup‚ration
2) Vous n'avez pas ®ÿWhitelist‚ÿ¯ les adresses IP afin de nous autoriser … r‚cup‚rer les images sur votre serveur.

Solution :
1) Vous devez soumettre une nouvelle demande de cr‚ation en y apportant une modification sur chaque produit (ajouter un ®ÿ0ÿ¯ dans la colonne Poids par exemple) et v‚rifier que votre serveur soit bien disponible
2) Vous devez ®ÿwhitelist‚ÿ¯ les adresses IP suivantes : 62.122.8.8 et 62.122.15.8"
3728;Taille du produit variant : La taille du produit Variant que vous essayez de cr‚er n'est pas r‚f‚renc‚e dans la matrice de taille. Avant de resoumettre votre produit, vous devez ouvrir un ticket au support vendeur pour qu?il la cr‚‚e.;"Explication : Vous souhaitez ajouter les tailles 43 et 44 sur un produit d‚j… cr‚‚ dans notre base (avec d?autres tailles).
Cependant le modŠle de cr‚ation utilis‚ pour les tailles existantes ne contient pas les tailles que vous souhaitez ajouter.

Solution :
Vous devez ouvrir une requˆte de Type : ""Cr‚er ou modifier vos fiches produits"" et Sous-type : ""Aide sur la cr‚ation de vos produits"" en nous faisant parvenir obligatoirement votre fichier de cr‚ation ainsi que le rapport et nous effectuerons une analyse :
a) Si la fiche est erron‚e, nous devrons la supprimer afin que vous puissiez la recr‚er avec les bonnes informations (fiche ®ÿT-shirtÿ¯ mais il s?agit d?une ®ÿbasketÿ¯)
b) Si la fiche est conforme : nous ajouterons la taille dans notre base si cela est coh‚rent."
3812;Image produit 1 : R‚solution incorrecte, v‚rifiez la taille de l'image.;"L'image doit ˆtre au format jpg, jpeg, png, ou gif.
Taille minimum : 50x500 pixels.
Taille maximum : 3000 x 3000 pixels.
Poids : ne pas exc‚der 5 Mo."
3912;Image du produit 1 : La r‚cup‚ration d'image nous a ‚t‚ refus‚e par votre serveur distant. Veuillez v‚rifier les paramŠtres de s‚curit‚ de votre serveur.;"Explication : Ce message signifie que notre systŠme de cr‚ation n?a pas pu r‚cup‚rer vos images pour 2 raisons :
1) Votre serveur n?‚tait pas disponible au moment de la r‚cup‚ration
2) Vous n'avez pas ®ÿWhitelist‚ÿ¯ les adresses IP afin de nous autoriser … r‚cup‚rer les images sur votre serveur.

Solution :
1) Vous devez soumettre une nouvelle demande de cr‚ation en y apportant une modification sur chaque produit (ajouter un ®ÿ0ÿ¯ dans la colonne Poids par exemple) et v‚rifier que votre serveur soit bien disponible
2) Vous devez ®ÿwhitelist‚ÿ¯ les adresses IP suivantes : 62.122.8.8 et 62.122.15.8"
3913;Image produit 2 : La r‚cup‚ration de l'image nous a ‚t‚ refus‚e par votre serveur distant. Veuillez v‚rifier le param‚trage de s‚curit‚ de votre serveur.;"Explication : Ce message signifie que notre systŠme de cr‚ation n?a pas pu r‚cup‚rer vos images pour 2 raisons :
1) Votre serveur n?‚tait pas disponible au moment de la r‚cup‚ration
2) Vous n'avez pas ®ÿWhitelist‚ÿ¯ les adresses IP afin de nous autoriser … r‚cup‚rer les images sur votre serveur.

Solution :
1) Vous devez soumettre une nouvelle demande de cr‚ation en y apportant une modification sur chaque produit (ajouter un ®ÿ0ÿ¯ dans la colonne Poids par exemple) et v‚rifier que votre serveur soit bien disponible
2) Vous devez ®ÿwhitelist‚ÿ¯ les adresses IP suivantes : 62.122.8.8 et 62.122.15.8"
3914;Image produit 3 : La r‚cup‚ration de l'image nous a ‚t‚ refus‚e par votre serveur distant. Veuillez v‚rifier le param‚trage de s‚curit‚ de votre serveur.;"Explication : Ce message signifie que notre systŠme de cr‚ation n?a pas pu r‚cup‚rer vos images pour 2 raisons :
1) Votre serveur n?‚tait pas disponible au moment de la r‚cup‚ration
2) Vous n'avez pas ®ÿWhitelist‚ÿ¯ les adresses IP afin de nous autoriser … r‚cup‚rer les images sur votre serveur.

Solution :
1) Vous devez soumettre une nouvelle demande de cr‚ation en y apportant une modification sur chaque produit (ajouter un ®ÿ0ÿ¯ dans la colonne Poids par exemple) et v‚rifier que votre serveur soit bien disponible
2) Vous devez ®ÿwhitelist‚ÿ¯ les adresses IP suivantes : 62.122.8.8 et 62.122.15.8"
3915;Image produit 4 : La r‚cup‚ration de l'image nous a ‚t‚ refus‚e par votre serveur distant. Veuillez v‚rifier le param‚trage de s‚curit‚ de votre serveur.;"Explication : Ce message signifie que notre systŠme de cr‚ation n?a pas pu r‚cup‚rer vos images pour 2 raisons :
1) Votre serveur n?‚tait pas disponible au moment de la r‚cup‚ration
2) Vous n'avez pas ®ÿWhitelist‚ÿ¯ les adresses IP afin de nous autoriser … r‚cup‚rer les images sur votre serveur.

Solution :
1) Vous devez soumettre une nouvelle demande de cr‚ation en y apportant une modification sur chaque produit (ajouter un ®ÿ0ÿ¯ dans la colonne Poids par exemple) et v‚rifier que votre serveur soit bien disponible
2) Vous devez ®ÿwhitelist‚ÿ¯ les adresses IP suivantes : 62.122.8.8 et 62.122.15.8"
4012;Image produit 1 : Time out lors de la r‚cup‚ration de l?image, votre serveur a mis plus de 5 secondes … r‚pondre.;"Notre systŠme de cr‚ation a mis plus de 5 secondes pour r‚cup‚rer votre visuel ce qui n'est pas conforme.
Veuillez v‚rifier le temps de t‚l‚chargement et soumettre une nouvelle demande de cr‚ation en apportant une modification sur le produit concern‚ (ajouter un ""0"" dans la colonne Poids par exemple)."
4012;Time out lors de la r‚cup‚ration de votre image, votre serveur a mis plus de 5 secondes … r‚pondre.;" Pour cette erreur, nous vous sugg‚rons d'augmenter la capacit‚ d'h‚bergement sur cette image. 
Vous pouvez aussi changer d'h‚bergeur d'image (veuillez lire l'article ""Comment bien choisir et mettre en ligne les images produit ?"" sur votre espace vendeur pour retrouver une liste complŠte d'h‚bergeur d'images.)"
4013;Image produit 2 :Time out lors de la r‚cup‚ration de l?image, votre serveur a mis plus de 5 secondes … r‚pondre.;"Notre systŠme de cr‚ation a mis plus de 5 secondes pour r‚cup‚rer votre visuel ce qui n'est pas conforme.
Veuillez v‚rifier le temps de t‚l‚chargement et soumettre une nouvelle demande de cr‚ation en apportant une modification sur le produit concern‚ (ajouter un ""0"" dans la colonne Poids par exemple)."
4013;Time out lors de la r‚cup‚ration de votre image, votre serveur a mis plus de 5 secondes … r‚pondre.;" Pour cette erreur, nous vous sugg‚rons d'augmenter la capacit‚ d'h‚bergement sur cette image. 
Vous pouvez aussi changer d'h‚bergeur d'image (veuillez lire l'article ""Comment bien choisir et mettre en ligne les images produit ?"" sur votre espace vendeur pour retrouver une liste complŠte d'h‚bergeur d'images.)"
4014;Image produit 3 :Time out lors de la r‚cup‚ration de l?image, votre serveur a mis plus de 5 secondes … r‚pondre.;"Notre systŠme de cr‚ation a mis plus de 5 secondes pour r‚cup‚rer votre visuel ce qui n'est pas conforme.
Veuillez v‚rifier le temps de t‚l‚chargement et soumettre une nouvelle demande de cr‚ation en apportant une modification sur le produit concern‚ (ajouter un ""0"" dans la colonne Poids par exemple)."
4014;Time out lors de la r‚cup‚ration de votre image, votre serveur a mis plus de 5 secondes … r‚pondre.;" Pour cette erreur, nous vous sugg‚rons d'augmenter la capacit‚ d'h‚bergement sur cette image. 
Vous pouvez aussi changer d'h‚bergeur d'image (veuillez lire l'article ""Comment bien choisir et mettre en ligne les images produit ?"" sur votre espace vendeur pour retrouver une liste complŠte d'h‚bergeur d'images.)"
4015;Image produit 4 :Time out lors de la r‚cup‚ration de l?image, votre serveur a mis plus de 5 secondes … r‚pondre.;"Notre systŠme de cr‚ation a mis plus de 5 secondes pour r‚cup‚rer votre visuel ce qui n'est pas conforme.
Veuillez v‚rifier le temps de t‚l‚chargement et soumettre une nouvelle demande de cr‚ation en apportant une modification sur le produit concern‚ (ajouter un ""0"" dans la colonne Poids par exemple)."
4015;Time out lors de la r‚cup‚ration de votre image, votre serveur a mis plus de 5 secondes … r‚pondre.;" Pour cette erreur, nous vous sugg‚rons d'augmenter la capacit‚ d'h‚bergement sur cette image. 
Vous pouvez aussi changer d'h‚bergeur d'image (veuillez lire l'article ""Comment bien choisir et mettre en ligne les images produit ?"" sur votre espace vendeur pour retrouver une liste complŠte d'h‚bergeur d'images.)"
4108;Libell‚ court du produit:Contient du html alors que c'est interdit pour cette propri‚t‚;Les balises HTML sont interdites dans le libell‚ court, veuillez les retirer (elles sont autoris‚es uniquement dans la description marketing).
4109;Libell‚ long du produit: Contient du html alors que c'est interdit pour cette propri‚t‚;Les balises HTML sont interdites dans le libell‚ long, veuillez les retirer (elles sont autoris‚es uniquement dans la description marketing).
4110;Description du produit : Contient du html alors que c'est interdit pour cette propri‚t‚;Les balises HTML sont interdites dans la description produit, veuillez les retirer (elles sont autoris‚es uniquement dans la description marketing).
4112;Image produit 1:Contient du html alors que c'est interdit pour cette propri‚t‚;Les balises HTML sont interdites dans les images, veuillez les retirer et indiquer un lien URL au format : jpg, jpeg, gif ou png.
4113;Image produit 2:Contient du html alors que c'est interdit pour cette propri‚t‚;Les balises HTML sont interdites dans les images, veuillez les retirer et indiquer un lien URL au format : jpg, jpeg, gif ou png.
4114;Image produit 3:Contient du html alors que c'est interdit pour cette propri‚t‚;Les balises HTML sont interdites dans les images, veuillez les retirer et indiquer un lien URL au format : jpg, jpeg, gif ou png.
4115;Image produit 4:Contient du html alors que c'est interdit pour cette propri‚t‚;Les balises HTML sont interdites dans les images, veuillez les retirer et indiquer un lien URL au format : jpg, jpeg, gif ou png.
4203;R‚f‚rence produit vendeur : Vous avez d‚j… associ‚ cette r‚f‚rence vendeur … un autre produit, il est donc impossible de la r‚utiliser pour la cr‚ation d'un nouveau produit. 2 solutions : soit vous en choisissez une autre pour ce produit, soit votre souhait est de modifier le produit existant, dans ce cas vous devez demander une modification des EAN.;"Explication : 
a) Ce message signifie que vous avez indiqu‚ une r‚f‚rence vendeur dans votre fichier de cr‚ation qui est d‚j… rattach‚e … un SKU Cdiscount existant.
La r‚f‚rence pr‚sente dans la colonne A ""R‚f‚rence vendeur"" de votre rapport est associ‚e au produit (SKU Cdiscount) pr‚sent dans la colonne D ""SKU trouv‚"".
De ce fait, vous ne pouvez pas utiliser cette r‚f‚rence sur un nouveau produit.

b) Vous avez cr‚‚ un produit sans EAN avec cette r‚f‚rence et vous souhaitez cr‚er de nouveau cette r‚f‚rence mais cette fois-ci avec un EAN.
Ce n?est pas possible car la r‚f‚rence est associ‚e au SKU Cdiscount qui a ‚t‚ cr‚‚ sans EAN.
Solution : 
a) Vous avez 2 solutions : 
	1) Publier votre information commerciale sur le SKU Cdiscount pr‚sent dans la colonne D ""SKU trouv‚®ÿavec cette r‚f‚rence
	2) Modifier la r‚f‚rence dans votre fichier de cr‚ation

b) Vous avez 3 solutions : 
	1) Publier votre information commerciale avec cette r‚f‚rence sur le SKU Cdiscount cr‚‚ sans EAN
	2) Modifier la r‚f‚rence dans votre fichier de cr‚ation
	3) Faire une demande de changement d?EAN en ouvrant une requˆte de Type :   ""Cr‚er ou modifier vos fiches-produits"" > ""Modifier vos r‚f‚rences produits"".  ÿ¯ (colonnes A, B et C)"
4324;Produit : Les modŠles pour les produits d'une mˆme famille ne sont pas identiques {sku,sku};"Explication : 
1) Ce message remonte lorsque vous souhaitez cr‚er des produits variants avec d‚clinaisons de tailles ET couleurs mais … ce jour cette action n?est plus possible.
Ou
2) Ce message remonte lorsque la fiche produit contenant les 1Šres tailles a ‚t‚ cr‚‚e avec un ancien modŠle (autre que SOUMISSION CREATION PRODUITS_MK) et que vous souhaitez ajouter une nouvelle taille avec le modŠle actuel SOUMISSION CREATION PRODUITS_MK.

Solution : 
1) Vous devez indiquer un SKU Famille diff‚rent pour chaque couleur.
2) Vous devez indiquer un nouveau SKU Famille pour la taille que vous souhaitez ajouter."
4424;Produit : Les propri‚t‚s principales doivent ˆtre diff‚rentes pour les produits d'une mˆme famille {sku sku };"Explication : 
1) Ce message remonte lorsque vous souhaitez cr‚er des produits variants avec d‚clinaisons de tailles ET couleurs mais … ce jour cette action n?est plus possible.
Ou
2) Ce message remonte lorsque la fiche produit contenant les 1Šres tailles a ‚t‚ cr‚‚e avec un ancien modŠle (autre que SOUMISSION CREATION PRODUITS_MK) et que vous souhaitez ajouter une nouvelle taille avec le modŠle actuel SOUMISSION CREATION PRODUITS_MK.

Solution : 
1) Vous devez indiquer un SKU Famille diff‚rent pour chaque couleur.
2) Vous devez indiquer un nouveau SKU Famille pour la taille que vous souhaitez ajouter."
4501;EAN : Plage EAN non conforme, ces EAN sont r‚serv‚s … l'usage interne des entreprises.;"Les EAN (commen‡ant par 020 … 029   040 … 049   200 … 299) sont r‚serv‚s … l'usage interne des entreprises et ne peuvent ˆtre utilis‚s par les vendeurs sur notre Marketplace. Veuillez indiquer un autre EAN.
Si vous ne disposez pas d'EAN, vous pouvez en acheter directement auprŠs de GS1 (https://www.gs1.fr/)"
4731;La taille n'a pas ‚t‚ trouv‚e dans la matrice de tailles : taille='{0}', matrice='{1}';"Explication : La taille n'a pas ‚t‚ trouv‚e dans notre systŠme.
Solution : Veuillez consulter notre liste de tailles (Espace vendeur > Produits > Vendre des produits en masse > Documentation utile) et indiquer une taille conforme et existante."
4812;Image produit 1:R‚solution incorrecte, v‚rifiez la taille de l'image (Minimum autoris‚: 50 x 500px).;"L'image doit ˆtre au format jpg, jpeg, png, ou gif.
Taille minimum : 50x500 pixels.
Taille maximum : 3000 x 3000 pixels.
Poids : ne pas exc‚der 5 Mo."
5026;Description marketing du produit : URL en http non autoris‚e, veuillez utiliser un serveur s‚curis‚ en https;Les photos doivent ˆtre sur un serveur s‚curis‚ en HTTPS://. Une fois les modifications effectu‚es merci de resoumettre votre fichier de demande de cr‚ation
5100;"1) Impossible d'ins‚rer dans le r‚f‚rentiel variant : Le sku variant ?MPxxxxxxxx' est d‚j… associ‚ au couple sku famille / couleur suivant ?{x}' / ?{x}' pour le vendeur ®ÿ{x}¯, veuillez modifier toutes les tailles simultan‚ment ou repasser le produit avec le bon couple.

2) Impossible d'ins‚rer dans le r‚f‚rentiel variant : Le produit taille 'MPxxxxxx-0001' n?existe pas, veuillez saisir un sku existant.";"1) Explication : Exemple Ce message signifie que pour le SKU Famille {x}, vous avez d‚j… cr‚‚ la taille S avec la couleur marketing ®ÿBlancÿ¯ mais que pour la nouvelle taille M vous avez indiqu‚ la couleur ®ÿRougeÿ¯.

Solution : Vous devez indiquer la couleur marketing utilis‚e lors de la cr‚ation des premiŠres tailles.


2) Explication : Vous souhaitez ins‚rer dans votre boutique (r‚f‚rentiel) les tailles 38, 39.5, 40, 37, 37.5 et 39 d?un produit (dont les EAN sont d‚j… existants dans notre base) et pour lequel vous avez d‚j… les tailles 36 et 42 cr‚‚es (SKU Cdiscount cr‚‚ pour les tailles 36 et 42 : MP07463046).

Pour les tailles 36 et 42 de ce produit, vous avez indiqu‚ un SKU Famille ®ÿ 1776_11944 ÿ¯, vous indiquez donc le SKU Famille ®ÿ 1776_11944 ÿ¯ pour les tailles 38, 39.5, 40, 37, 37.5 et 39 afin de les rattacher aux autres tailles du SKU Cdiscount : MP07463046 MAIS les EAN des tailles 38, 39.5, 40, 37, 37.5 et 39 dans notre base sont rattach‚s … un autre SKU Cdiscount MP05747679 et non MP07463046.

Solution : 
Vous devez donc modifier votre SKU Famille afin que les tailles 38, 39.5, 40, 37, 37.5 et 39 puissent s?ins‚rer dans votre boutique (r‚f‚rentiel)."
5126;Description marketing du produit : la balise href non autoris‚e;"La balise HTML href n'est pas autoris‚e. Une fois les modifications effectu‚es merci de resoumettre votre fichier de demande de cr‚ation.
HTML Interdit : <href> <font> <table> <tr> <td> <th> <h1>ÿ<h2>ÿ<h3>ÿ<h4>ÿ<h5>ÿ<h6>ÿ<body>
HTML Autoris‚ :  <bold> <strong> <br>"
5224;Produit : Cr‚ation de produit d‚j… demand‚e et en cours d'analyse;"Explication : Votre produit a d‚j… ‚t‚ soumis en cr‚ation dans une pr‚c‚dente demande. Vous devez doncÿconsulter le rapport d'origine.

Solution : Si le rapport d?origine est toujours en attente depuis plus de 72h, vous devez soumettre une nouvelle demande de cr‚ation en apportant une modification sur chaque produit concern‚ (ajouter un ®ÿ0ÿ¯ dans la colonne Poids par exemple)."
5424;Produit : Produit d‚j… pr‚sent‚ et toujours en attente de traitement manuel par les ‚quipes de la marketplace.;"Explication : Ce message signifie que le produit a d‚j… ‚t‚ soumis en cr‚ation et qu?il est toujours en cours de traitement dans notre systŠme.

Solution : Attendre 24h … 48h que le traitement d'origine soit termin‚.
Si le message est toujours pr‚sent au-del… de 48h … 72h, vous devez soumettre une nouvelle demande de cr‚ation en apportant une modification sur chaque produit concern‚ (ajouter un ®ÿ0ÿ¯ dans la colonne Poids par exemple).

Si le problŠme persiste au-del… de 72h aprŠs votre repasse, vous devrez ouvrir une requˆte de Type : Cr‚er ou modifier vos fiches produits et Sous-type : ""Aide sur la cr‚ation de vos produits"" en nous faisant parvenir obligatoirement votre fichier de cr‚ation ainsi que le rapport pour que l?on puisse effectuer une analyse et vous apporter une solution / explication."
5507;Nature du produit: Variant obligatoire pour cette cat‚gorie, veuillez renseigner les donn‚es sku famille, taille et couleur marketing;"Ce message signifie que votre produit est trait‚ en Variant et non Standard. Vous devez donc indiquer ""Variant"" dans la colonne ""Nature du produit"" + Renseigner les colonnes ""SKU Famille"" + ""Taille"" + ""Couleur marketing"".
Vous pouvez savoir si un produit est trait‚ en variant ou standard en consultant l'arbre des cat‚gories qui se trouve sur votre Espace vendeur > Produits > Vendre des produits en masse > Documentation utile.

Si en revanche dans l'arbre des cat‚gories, votre produit est bien trait‚ en Standard, veuillez ouvrir une requˆte de Type : ""Cr‚er ou modifier vos fiches produits"" et Sous-type : ""Aide sur la cr‚ation de vos produits"" en nous faisant parvenir obligatoirement votre fichier de cr‚ation et le rapport svp."
5607;"Nature du produit:Standard obligatoire sur cette cat‚gorie, veuillez choisir ""Standard"" dans le champ ""Nature du produit"" et supprimer le sku famille, la taille ou la couleur marketing";"Ce message signifie que votre produit est trait‚ en Standard et non Variant. Vous devez donc indiquer ""Standard"" dans la colonne ""Nature du produit"" + Supprimer les donn‚es dans les colonnes ""SKU Famille"" + ""Taille"" + ""Couleur marketing"".
Vous pouvez savoir si un produit est trait‚ en variant ou standard en consultant l'arbre des cat‚gories qui se trouve sur votre Espace vendeur > Produits > Vendre des produits en masse > Documentation utile.

Si en revanche dans l'arbre des cat‚gories, votre produit est bien trait‚ en Variant, veuillez ouvrir une requˆte de Type : ""Cr‚er ou modifier vos fiches produits"" et Sous-type : ""Aide sur la cr‚ation de vos produits"" en nous faisant parvenir obligatoirement votre fichier de cr‚ation et le rapport svp."
5812;Erreur durant la r‚cup‚ration de votre image. ;"Explication : Ce message signifie que notre systŠme de cr‚ation n?a pas pu r‚cup‚rer vos images pour 2 raisons :
1) Votre serveur n?‚tait pas disponible au moment de la r‚cup‚ration
2) Vous n'avez pas ®ÿWhitelist‚ÿ¯ les adresses IP afin de nous autoriser … r‚cup‚rer les images sur votre serveur.

Solution :

1) Vous pouvez changer d'h‚bergeur d'image (veuillez lire l'article ""Comment bien choisir et mettre en ligne les images produit ?"" sur votre espace vendeur pour retrouver une liste complŠte d'h‚bergeur d'images.)
2) Vous devez ®ÿwhitelisterÿ¯ les adresses IP suivantes : 62.122.8.8 et 62.122.15.8."
5813;Erreur durant la r‚cup‚ration de votre image. ;"Explication : Ce message signifie que notre systŠme de cr‚ation n?a pas pu r‚cup‚rer vos images pour 2 raisons :
1) Votre serveur n?‚tait pas disponible au moment de la r‚cup‚ration
2) Vous n'avez pas ®ÿWhitelist‚ÿ¯ les adresses IP afin de nous autoriser … r‚cup‚rer les images sur votre serveur.

Solution :

1) Vous pouvez changer d'h‚bergeur d'image (veuillez lire l'article ""Comment bien choisir et mettre en ligne les images produit ?"" sur votre espace vendeur pour retrouver une liste complŠte d'h‚bergeur d'images.)
2) Vous devez ®ÿwhitelisterÿ¯ les adresses IP suivantes : 62.122.8.8 et 62.122.15.8."
5814;Erreur durant la r‚cup‚ration de votre image. ;"Explication : Ce message signifie que notre systŠme de cr‚ation n?a pas pu r‚cup‚rer vos images pour 2 raisons :
1) Votre serveur n?‚tait pas disponible au moment de la r‚cup‚ration
2) Vous n'avez pas ®ÿWhitelist‚ÿ¯ les adresses IP afin de nous autoriser … r‚cup‚rer les images sur votre serveur.

Solution :

1) Vous pouvez changer d'h‚bergeur d'image (veuillez lire l'article ""Comment bien choisir et mettre en ligne les images produit ?"" sur votre espace vendeur pour retrouver une liste complŠte d'h‚bergeur d'images.)
2) Vous devez ®ÿwhitelisterÿ¯ les adresses IP suivantes : 62.122.8.8 et 62.122.15.8."
5815;Erreur durant la r‚cup‚ration de votre image. ;"Explication : Ce message signifie que notre systŠme de cr‚ation n?a pas pu r‚cup‚rer vos images pour 2 raisons :
1) Votre serveur n?‚tait pas disponible au moment de la r‚cup‚ration
2) Vous n'avez pas ®ÿWhitelist‚ÿ¯ les adresses IP afin de nous autoriser … r‚cup‚rer les images sur votre serveur.

Solution :

1) Vous pouvez changer d'h‚bergeur d'image (veuillez lire l'article ""Comment bien choisir et mettre en ligne les images produit ?"" sur votre espace vendeur pour retrouver une liste complŠte d'h‚bergeur d'images.)
2) Vous devez ®ÿwhitelisterÿ¯ les adresses IP suivantes : 62.122.8.8 et 62.122.15.8."
5900;Un produit avec le SKU (x) est d‚j… existant dans notre base. ;"Explication : Ce message indique que la chaine de caractŠre du SKU est d‚j… existante dans notre base, il n'est pas possible de changer un SKU … ce jour. 

Solution : veuillez changer la marque du produit lors de votre cr‚ation produit. Le changement de ce champ permettra le d‚blocage du fichier. Vous pourrez toujours demander le changement de marque … nouveau en ouvrant une nouvelle requˆte ""Cr‚er ou modifier vos fiches-prdouits"" > ""Modifier vos fiches-produits"" ou ""Signaler une  erreur de fiche-produit"". "
8000;Produit cr‚‚: Vous pouvez ajouter une information commerciale sur ce produit;Votre produit a bien ‚t‚ cr‚‚ dans notre base. Vous pouvez dŠs … pr‚sent publier votre information commerciale.
8100;Produit cr‚‚: Vous pouvez ajouter une information commerciale sur ce produit;Votre produit a bien ‚t‚ cr‚‚ dans notre base. Vous pouvez dŠs … pr‚sent publier votre information commerciale.
8500;Produit : Produit d‚j… pr‚sent‚ et toujours en attente de traitement manuel par les ‚quipes de la marketplace;"Explication : Ce message signifie que le produit est en cours de cr‚ation dans le systŠme.

Solution : Attendre 24h … 48h que le traitement soit termin‚.
Si le message est toujours pr‚sent au-del… de 48h … 72h, vous devez soumettre une nouvelle demande de cr‚ation en apportant une modification sur chaque produit concern‚ (ajouter un ®ÿ0ÿ¯ dans la colonne Poids par exemple).

Si le problŠme persiste au-del… de 72h aprŠs votre repasse, vous devrez ouvrir une requˆte de Type : Cr‚er ou modifier vos fiches produits et Sous-type : ""Aide sur la cr‚ation de vos produits"" en nous faisant parvenir obligatoirement votre fichier de cr‚ation ainsi que le rapport pour que l?on puisse effectuer une analyse et vous apporter une solution / explication."
9000;Produit d‚j… existant : vous pouvez ajouter une information commerciale sur ce produit (voir Gestion de vos informations commerciales dans l'espace vendeur);Le produit existe d‚j… dans notre base. Vous pouvez dŠs … pr‚sent publier votre information commerciale.
9101;EAN: Veuillez saisir tous les EAN pour ce sku famille;"Vous devez indiquer tous les EAN pour un mˆme SKU Famille.
Exemple : vous avez indiqu‚ un EAN pour la taille 35 mais pas pour les tailles 36 et 37 d'un mˆme SKU Famille, ce n'est pas conforme.

Si aucun de vos produits ne dispose d'EAN mais que le message s'affiche, veuillez ouvrir une requˆte de Type : ""Cr‚er ou modifier vos fiches produits"" et Sous-type : ""Aide sur la cr‚ation de vos produits"" en nous faisant parvenir obligatoirement votre fichier de cr‚ation ainsi que le rapport svp."
9202;FA49857_01Mmax2||KO||9202|ISBN : Suppression ISBN car invalide;"Veuillez supprimer l'ISBN de votre fichier et soumettre de nouveau votre demande de cr‚ation.
Si le problŠme persiste, veuillez ouvrir une requˆte de Type : Cr‚er ou modifier vos fiches produits et Sous-type : Aide sur la cr‚ation de vos produits en nous faisant parvenir obligatoirement le fichier de cr‚ation et le rapport svp."
9509;Libell‚ long du produit: Libell‚ long pr‚sent‚ plusieurs fois dans votre package, veuillez compl‚ter les caract‚ristiques;Les libell‚s longs identiques sont interdits sur des produits standard. Veuillez indiquer la donn‚e qui diff‚rencie les produits (couleur, modŠle etc).
9924;"1. Produit : Les informations renseign‚es dans vos libell‚s et descriptifs ne sont pas assez claires pour d‚terminer la cat‚gorie … associer. Si vous ne d‚tectez pas d?erreur, vous pouvez nous contacter via la rubrique ® Aide ¯ de votre espace vendeur.

2. Produit : Les informations renseign‚es concernant la typologie du produit ne sont pas assez pr‚cises pour d‚terminer la cat‚gorie … associer. Merci de renseigner une seule typologie dans votre libell‚.";"1. Explication : Cette erreur peut venir de 2 points :
ÿLa non coh‚rence entre le code cat‚gorie indiqu‚ et le libell‚ long/description produit.
ÿLes donn‚es code cat‚gorie, libell‚ court, libell‚ long, description produit et visuel doivent ˆtre coh‚rents. Vous ne pouvez pas indiquer un type de produit diff‚rent pour chaque colonne.
ÿ
Exemple :
Votre code cat‚gorie correspond … un tee-shirt alors que votre libell‚ long ou description produit indique un pull.
Vous devez donc indiquer ® tee-shirt ¯ dans le libell‚ long + description produit.

2. Le libell‚ qui n?est pas assez explicite
ÿ
Exemple :
Libell‚ non explicite serait : Robe jupe de plage pour soir‚e de baseball Femme Adidas manches courtes
Un libell‚ explicite serait : Robe de plage - Adidas - Manches courtes
ÿ
Pour rappel un libell‚ explicite pour le client se compose comme suit :
[Type de produit] + [Marque] + [ModŠle] + [Mots cl‚s descriptifs : 1 ou 2 mots maximum]

Solution :

Si vous constatez un des deux points mentionn‚s ci-dessus, vous devez proc‚der … des modifications et soumettre de nouveau une demande de cr‚ation.
Si vous ne constatez aucune erreur, vous devez ouvrir une requˆte de Type : ""Cr‚er ou modifier vos fiches produits"" et Sous-type : ""Aide sur la cr‚ation de vos produits"" en nous faisant parvenir obligatoirement votre fichier de cr‚ation ainsi que le rapport.

Nous effectuerons une analyse :
Si votre fichier est non conforme, nous vous fournirons une explication avec des exemples.
Si votre fichier est conforme, nous procŠderons … la cr‚ation des produits.

2. Explication : Ce message signifie que vous avez indiqu‚ plusieurs typologies de produit dans le libell‚ long.
Exemple : ®ÿRobe de plage, jupe ? Femme ? Jauneÿ¯.
Notre systŠme de cr‚ation ne sait donc pas s?il s?agit d?une Robe ou d?une Jupe.

Solution : 
Vous devez modifier le titre produit comme ceci : [Type de produit] + [Marque] + [ModŠle] + [Mots cl‚s descriptifs : 1 ou 2 mots maximum] 
Si vous avez bien renseign‚ une seule typologie et que le code cat‚gorie correspond bien au produit, vous devez ouvrir une requˆte de Type : ""Cr‚er ou modifier vos fiches produits"" et Sous-type : ""Aide sur la cr‚ation de vos produits"" en nous faisant parvenir obligatoirement votre fichier de cr‚ation ainsi que le rapport afin que l?on puisse faire une analyse.

> Si votre fichier est non conforme, nous vousi fournirons une explication avec des exemples.
> Si votre fichier est conforme, nous verrons pour d‚bloquer les produits en cr‚ation."
9942;Produit non cr‚‚ : Erreur sur la cr‚ation de produit taille (id='{x}', sellerid='{x}', family='{x}', color='{x}') : CheckSizeAlreadyExists - Un produit avec la mˆme taille existe d‚j… dans le catalogue Cdiscount;"Veuillez ouvrir une requˆte de Type : ""Cr‚er ou modifier vos fiches produits"" et Sous-type : ""Aide sur la cr‚ation de vos produits"" en nous faisant parvenir obligatoirement votre fichier de cr‚ation et le rapport svp afin que l'on puisse effectuer une analyse et vous apporter une solution / explication."
